Training loss,Validation loss,Accuracy,Precision,Recall,F1-score,CSI-score
0.21410677,0.22784021,0.89627775,0.0,0.0,0.0,0.0
0.18183951,0.16521424,0.924985,0.6606648067567615,0.5726197095591706,0.6134984449087597,0.44269484746196885
0.17445423,0.18370906,0.9246439375,0.6947547023533398,0.4905739527090506,0.5750123445179123,0.4039161563670466
0.17273214,0.16140866,0.9273235,0.6626544134279444,0.6150668992948618,0.6378776306074885,0.4684203168928195
0.17247194,0.18640724,0.9276558125000001,0.6896691682785838,0.5540529805341061,0.6144459342383585,0.44366170548868183
0.17049712,0.16057494,0.9286474375,0.6754753784303266,0.6063652749438321,0.638862890033256,0.46945188500267887
0.170912,0.15842551,0.928872375,0.682613543553307,0.5924539183249468,0.6342008180620696,0.46444984565504055
0.17232114,0.16331199,0.926067,0.7300878438151358,0.4590502088870595,0.5636646570465548,0.3926484213024609
0.17073426,0.15677515,0.926145875,0.6282696802913001,0.7116668069269284,0.6672770264749474,0.5007865945905761
0.1708421,0.18121713,0.908485375,0.7398303765366002,0.18384071575393798,0.2936636539353028,0.1722388528551535
0.1726523,0.17278074,0.9132503125,0.5573512482483229,0.8206205576383792,0.6635126578019896,0.4965654571782833
0.17285535,0.19040635,0.9287339375,0.6830904791149632,0.5891563292466078,0.6324575536415415,0.4625658465982059
0.17031497,0.17378613,0.916812875,0.5722466674333373,0.8011987957924018,0.6673873945514799,0.5009045627765074
0.16855693,0.16206673,0.9292488125,0.6943489085326906,0.5751372236444448,0.6285444069800099,0.45833687765325193
0.16823332,0.1644631,0.9287894999999999,0.7033460144666461,0.549720215427264,0.6162220380205627,0.44532290190936985
0.16868702,0.15696806,0.9253555,0.6211246054287598,0.7269503964227217,0.6697038141207032,0.5035107461031104
0.16755323,0.15384611,0.9296930625,0.702866610327206,0.5650546419754678,0.6258359714095669,0.4554549513545526
0.1680837,0.1560602,0.9292541875,0.7086072253352943,0.547274242772812,0.6167183808269783,0.4458424182111783
0.16736436,0.15537316,0.92868675,0.6616368204755588,0.6484137464443098,0.6544737705058012,0.48647639920503183
0.16736217,0.16133317,0.9229576875000001,0.6067407260520619,0.7409757068270659,0.6669886357196624,0.5004623512459978
0.16695806,0.15471637,0.9272845,0.6330337257611841,0.719642127020593,0.6733348627740462,0.507636401551024
0.16658014,0.15659079,0.9258725625,0.6255482891701345,0.7224856300595255,0.6701190050880851,0.5039896495682994
0.16665037,0.18248892,0.9229440625,0.6051407861327714,0.7468221554298937,0.6684656740896322,0.5020939424316655
0.16591436,0.16546118,0.9297763125,0.7172292807857484,0.5391521870185249,0.6150249010757951,0.4440962506580739
0.16477631,0.15400913,0.928047625,0.6383284473778341,0.713063795134951,0.6735184040514123,0.5078543855172852
0.16712499,0.16789356,0.92965,0.687043715064025,0.5984573171416978,0.639198029127766,0.46978136629334316
0.16829565,0.16057679,0.9273501875,0.6609538042469774,0.6216802777437,0.6405027831294505,0.4712288665637523
0.16640095,0.1590198,0.924851125,0.612250045773246,0.7630118419556726,0.6790724454333601,0.5141978109645542
0.1650041,0.16138001,0.9202485,0.5856658586155035,0.7974650613175647,0.6753059798780614,0.5098602758525212
0.16703737,0.15606767,0.9258019375,0.6211843008100388,0.740990907214943,0.6754856753566887,0.5101010183125996
0.16683306,0.15577233,0.92967675,0.6605443669605672,0.6688850633914663,0.6645381986924004,0.4977462864303004
0.16447562,0.14928868,0.93124275,0.6926631016314808,0.6120594713275043,0.6495571388991398,0.4810745002750739
0.16516544,0.15381841,0.927839,0.6357313504880913,0.721777507650375,0.6757554401525168,0.5104072745330147
0.16472204,0.15436783,0.9310184374999999,0.6907719130920504,0.6144303110065751,0.6497288882099552,0.4812272030290412
0.1654374,0.14989486,0.9313805,0.6978686837891972,0.6046168520622017,0.64726288516155,0.47852911958874694
0.16407973,0.15780473,0.9265646875,0.6270369718209412,0.7262931259540466,0.6729496343341967,0.5071825922478465
0.16334559,0.15164241,0.929040375,0.6470034516953767,0.7044942197823474,0.6741754412759884,0.5086065459539428
0.16360702,0.15622519,0.9288600625,0.6504400802924399,0.6868815386652889,0.6679166940787862,0.5015167144540845
0.16428658,0.1537808,0.92780375,0.6380222848336567,0.7112981440223911,0.672423941678876,0.5066239717777322
0.16406634,0.14961153,0.9312871875,0.6824154221940124,0.6386092909318875,0.6593848120295386,0.49193109455123607
0.16366982,0.15187871,0.9304451874999999,0.7323576309788278,0.5233759996384857,0.6102187954192455,0.4391311098117489
0.16504173,0.1562159,0.9257526875,0.615228020596838,0.7667968148194495,0.6825684743550877,0.5182081526783926
0.16317165,0.1494512,0.9314791875,0.6759803836923788,0.6597101520490303,0.6673251671862739,0.5008273419185142
0.16287205,0.14939332,0.9313195000000001,0.7315463810470904,0.5379116166216267,0.6196881829169008,0.4489967474851979
0.16309316,0.17662328,0.9313589375,0.6799819087320157,0.6460144774047891,0.6622536495227864,0.495163764973199
0.16128622,0.16427949,0.9288657499999999,0.6436543124456376,0.7081667570002631,0.6743521514266402,0.5088139723875185
0.16192384,0.1481992,0.9326923125,0.7117941370202958,0.5933958248935667,0.6472018090161438,0.47858805826697115
0.16220213,0.16580541,0.9269688125,0.623992107538107,0.7538651805940724,0.6826195766981398,0.5183003968038578
0.16316664,0.14523715,0.9327013749999999,0.6832396835816033,0.6604881503843772,0.6715236870566914,0.5056398286602806
0.16297078,0.14642705,0.9326823125,0.6823500675981613,0.6628422601338375,0.6723355275680007,0.5066217592508542
0.16097927,0.14722194,0.932466,0.6891387114834422,0.6404256335155992,0.6638305100914192,0.49701179544818774
0.1613329,0.14817119,0.9313715625000001,0.6636303656928189,0.6928674750526385,0.6777941049253047,0.5128020388165053
0.16132726,0.1570889,0.924912375,0.6063069467669675,0.7921279890751105,0.6868661743615352,0.5231742763481073
0.16225262,0.14768475,0.9310905625,0.6535422550484997,0.7214269814984882,0.6856708383698596,0.5218597026280305
0.16266958,0.21702641,0.9233239375,0.6033745708228149,0.7628967783040278,0.6738039581975639,0.5081217639918982
0.16039832,0.1489322,0.9338251875,0.7071310915547547,0.6214637911140308,0.6615340110758118,0.494510765830536
0.16127862,0.1593079,0.9275375,0.6260579100293143,0.7535302853364731,0.6838835492282407,0.5197446256700539
0.16041857,0.14664556,0.9330965625000001,0.7093427844907412,0.6072810787356782,0.6540084918872893,0.485974730031509
0.16042154,0.14657211,0.9319291249999999,0.7341859536341606,0.5424006664680401,0.6237953755324164,0.4533947506314504
0.15890513,0.14787516,0.9316288125,0.6531756224889376,0.7310768114686487,0.6899176115443748,0.5267717126741502
0.15898092,0.1445997,0.93350025,0.6925047731470236,0.648494071588624,0.6697675075291816,0.5036230019097414
0.15915191,0.14381054,0.9341606874999999,0.7406393288068067,0.5649329316830471,0.6409357472500197,0.47174330193268976
0.15791243,0.14575496,0.9338,0.7194238292008501,0.595706166588424,0.6517159474807606,0.483686315516631
0.15929568,0.15039054,0.9334303749999999,0.7014822152407736,0.6264325788209846,0.6618364739175674,0.4947661958945463
0.15886028,0.14640245,0.9330061875,0.7651750644918778,0.5133207339778435,0.6144390490739202,0.44364992359209443
0.15799128,0.14312491,0.934015,0.6858215266972612,0.6766730973407293,0.6811533576152633,0.5167026712630854
0.15731493,0.1417154,0.9350373125,0.7022194680471789,0.6537409173890758,0.677057529157856,0.5120334122078634
0.15833221,0.14471218,0.9325091875,0.6604593630450348,0.7228771027969978,0.6902522183134965,0.527170895024313
0.15849543,0.14368114,0.933392125,0.6838846246498878,0.6698544880473796,0.6767573359102894,0.5116210800283516
0.1584721,0.14320736,0.9349369999999999,0.6915830868979753,0.6777988574628939,0.6845771266427987,0.5206848115244385
0.1579074,0.14312634,0.935547125,0.7306312866185487,0.6033425752378085,0.6608796625744658,0.4937258119600554
0.15864825,0.1444,0.9337888750000001,0.7312523750389202,0.5742107077674483,0.6432851865452934,0.4743065404941219
0.15696809,0.14549312,0.9340838124999999,0.7622059429127356,0.5328693542622042,0.6270773000916767,0.4568102741368153
0.16076003,0.1488125,0.9322893125,0.6806638686946699,0.6572069541031709,0.6687178451374256,0.5024280959049718
0.15940963,0.14156453,0.9346124375,0.691944997552832,0.6707819764519518,0.68113129020305,0.5166212069455985
0.15752609,0.1419576,0.93447525,0.6876406131286504,0.6790622993202224,0.6832627171373744,0.5190444988659308
0.15671305,0.14268205,0.9348528125,0.7157923753087365,0.6209378353019279,0.664932375514901,0.4982266640798637
0.1571143,0.14175266,0.9351795625,0.7080456324309412,0.6432133781747207,0.6738956742047137,0.5083004921860222
0.15781151,0.14429714,0.9348903125,0.7356622488201143,0.5839920689881284,0.651100462368996,0.4828735491905498
0.15801108,0.14207342,0.934017375,0.6749315035765464,0.7075236479027471,0.6907169359121424,0.527694056636399
0.1578879,0.1431693,0.9344179375,0.7455845429595327,0.5619631777133967,0.640678518331804,0.4713936352699226
0.1551814,0.14426215,0.93429775,0.7514271492334645,0.5514889387625619,0.6359548450972596,0.46632594831027135
0.15624136,0.14019966,0.9355515,0.7081023795450598,0.6474733023220327,0.6764221644255923,0.5112363348308843
0.15561843,0.1501778,0.934913375,0.7002375220601009,0.6540480744095534,0.6763537894995401,0.5111228390860296
0.15525228,0.14297256,0.9341515,0.6829602387240612,0.6852477498615825,0.6840819270705556,0.5200021138940163
0.15605873,0.14346667,0.9340898125,0.7604466833024496,0.5355035829071496,0.628307627534194,0.45813649646451604
0.15450157,0.14198679,0.9353543125,0.7061668843768174,0.6501142959311458,0.6768478339373667,0.5116928881334047
0.15543003,0.14208087,0.9355274375,0.7224329330931615,0.6180389773998768,0.6661372271251056,0.4995821885498115
0.15614448,0.14873448,0.9326260625,0.7856844296499141,0.4843054501757643,0.5992226708511674,0.4279490851037294
0.15546449,0.13964209,0.935784,0.710725641679174,0.6456987169131719,0.6766185702820198,0.5114194491142634
0.15438212,0.13977668,0.9355100000000001,0.6979795298067843,0.6705097352665008,0.6839293486410094,0.5198207864389075
0.15487844,0.1404683,0.9353231875,0.7035121180718131,0.6533004783888993,0.6774616083172271,0.5124833240858961
0.15318215,0.14025354,0.9357800625,0.7147337196909072,0.63741663764963,0.6738335165865132,0.508282973692769
0.15602708,0.14020756,0.9349459375,0.6851986207418361,0.6938442561497745,0.6894547696884128,0.526241898460106
0.15527175,0.14227667,0.9353199999999999,0.707473424920998,0.6444872948641674,0.674512818873525,0.5090434811094544
0.15423758,0.14090696,0.9361125625,0.7225842620877423,0.6272992660121488,0.6714972660269265,0.505603056019097
0.15286358,0.14089507,0.9354515,0.7019913446635463,0.6593641422971579,0.6800081378747942,0.5153413535062552
0.15481013,0.14487818,0.933670625,0.6776767615645384,0.6899820011595641,0.6837738313278496,0.5195959356851951
0.15443394,0.14059988,0.935731125,0.7234529362201536,0.6189159479768676,0.6670446965300958,0.5005196064057595
0.15352306,0.1404044,0.935699875,0.7205337762033281,0.6249536783915968,0.6692582015952176,0.5030695553804414
